id,gbif_id,site_id,species,accepted_scientific_name,kingdom,phylum,class,order_name,family,genus,latitude,longitude,event_date,year,month,basis_of_record,dataset_key
1,GBIF-DEMO-000001,1,Spilornis cheela,Spilornis cheela,Animalia,Chordata,Aves,Accipitriformes,Accipitridae,Spilornis,18.4783117,73.524756,2024-04-09,2024,4,HumanObservation,DEMO-DATASET
2,GBIF-DEMO-000002,1,Macaca radiata,Macaca radiata,Animalia,Chordata,Mammalia,Primates,Cercopithecidae,Macaca,18.4800669,73.5250053,2025-09-13,2025,9,HumanObservation,DEMO-DATASET
3,GBIF-DEMO-000003,1,Prionailurus bengalensis,Prionailurus bengalensis,Animalia,Chordata,Mammalia,Carnivora,Felidae,Prionailurus,18.4778865,73.5143838,2024-03-18,2024,3,HumanObservation,DEMO-DATASET
4,GBIF-DEMO-000004,1,Garcinia indica,Garcinia indica,Plantae,Tracheophyta,Magnoliopsida,Malpighiales,Clusiaceae,Garcinia,18.4739026,73.5117196,2025-05-05,2025,5,HumanObservation,DEMO-DATASET
5,GBIF-DEMO-000005,1,Dalbergia latifolia,Dalbergia latifolia,Plantae,Tracheophyta,Magnoliopsida,Fabales,Fabaceae,Dalbergia,18.4748055,73.5264622,2023-05-19,2023,5,HumanObservation,DEMO-DATASET
6,GBIF-DEMO-000006,1,Hylarana temporalis,Hylarana temporalis,Animalia,Chordata,Amphibia,Anura,Ranidae,Hylarana,18.4741954,73.5230708,2025-03-13,2025,3,HumanObservation,DEMO-DATASET
7,GBIF-DEMO-000007,1,Ahaetulla nasuta,Ahaetulla nasuta,Animalia,Chordata,Reptilia,Squamata,Colubridae,Ahaetulla,18.4782867,73.5275017,2025-12-26,2025,12,HumanObservation,DEMO-DATASET
8,GBIF-DEMO-000008,1,Ficedula parva,Ficedula parva,Animalia,Chordata,Aves,Passeriformes,Muscicapidae,Ficedula,18.4750768,73.514416,2025-06-18,2025,6,HumanObservation,DEMO-DATASET
9,GBIF-DEMO-000009,1,Spilornis cheela,Spilornis cheela,Animalia,Chordata,Aves,Accipitriformes,Accipitridae,Spilornis,18.4766253,73.5246945,2023-07-21,2023,7,HumanObservation,DEMO-DATASET
10,GBIF-DEMO-000010,1,Macaca radiata,Macaca radiata,Animalia,Chordata,Mammalia,Primates,Cercopithecidae,Macaca,18.4852568,73.5242107,2024-06-01,2024,6,HumanObservation,DEMO-DATASET
11,GBIF-DEMO-000011,1,Prionailurus bengalensis,Prionailurus bengalensis,Animalia,Chordata,Mammalia,Carnivora,Felidae,Prionailurus,18.4727913,73.5220312,2024-06-17,2024,6,HumanObservation,DEMO-DATASET
12,GBIF-DEMO-000012,1,Garcinia indica,Garcinia indica,Plantae,Tracheophyta,Magnoliopsida,Malpighiales,Clusiaceae,Garcinia,18.4786985,73.5251582,2023-02-23,2023,2,HumanObservation,DEMO-DATASET
13,GBIF-DEMO-000013,2,Macaca radiata,Macaca radiata,Animalia,Chordata,Mammalia,Primates,Cercopithecidae,Macaca,18.4209796,73.4777074,2025-04-04,2025,4,HumanObservation,DEMO-DATASET
14,GBIF-DEMO-000014,2,Prionailurus bengalensis,Prionailurus bengalensis,Animalia,Chordata,Mammalia,Carnivora,Felidae,Prionailurus,18.417036,73.4812819,2024-08-19,2024,8,HumanObservation,DEMO-DATASET
15,GBIF-DEMO-000015,2,Garcinia indica,Garcinia indica,Plantae,Tracheophyta,Magnoliopsida,Malpighiales,Clusiaceae,Garcinia,18.4130573,73.4700213,2023-03-17,2023,3,HumanObservation,DEMO-DATASET
16,GBIF-DEMO-000016,2,Dalbergia latifolia,Dalbergia latifolia,Plantae,Tracheophyta,Magnoliopsida,Fabales,Fabaceae,Dalbergia,18.4223407,73.4734392,2025-11-25,2025,11,HumanObservation,DEMO-DATASET
17,GBIF-DEMO-000017,2,Hylarana temporalis,Hylarana temporalis,Animalia,Chordata,Amphibia,Anura,Ranidae,Hylarana,18.4195193,73.4795218,2025-12-13,2025,12,HumanObservation,DEMO-DATASET
18,GBIF-DEMO-000018,2,Ahaetulla nasuta,Ahaetulla nasuta,Animalia,Chordata,Reptilia,Squamata,Colubridae,Ahaetulla,18.4154429,73.4817154,2023-06-06,2023,6,HumanObservation,DEMO-DATASET
19,GBIF-DEMO-000019,2,Ficedula parva,Ficedula parva,Animalia,Chordata,Aves,Passeriformes,Muscicapidae,Ficedula,18.4228724,73.4742818,2025-02-12,2025,2,HumanObservation,DEMO-DATASET
20,GBIF-DEMO-000020,2,Spilornis cheela,Spilornis cheela,Animalia,Chordata,Aves,Accipitriformes,Accipitridae,Spilornis,18.4187637,73.4735228,2023-01-04,2023,1,HumanObservation,DEMO-DATASET
21,GBIF-DEMO-000021,2,Macaca radiata,Macaca radiata,Animalia,Chordata,Mammalia,Primates,Cercopithecidae,Macaca,18.4257645,73.4764079,2024-05-07,2024,5,HumanObservation,DEMO-DATASET
22,GBIF-DEMO-000022,2,Prionailurus bengalensis,Prionailurus bengalensis,Animalia,Chordata,Mammalia,Carnivora,Felidae,Prionailurus,18.4177179,73.4752961,2023-12-17,2023,12,HumanObservation,DEMO-DATASET
23,GBIF-DEMO-000023,2,Garcinia indica,Garcinia indica,Plantae,Tracheophyta,Magnoliopsida,Malpighiales,Clusiaceae,Garcinia,18.4152862,73.4877673,2023-12-19,2023,12,HumanObservation,DEMO-DATASET
24,GBIF-DEMO-000024,2,Dalbergia latifolia,Dalbergia latifolia,Plantae,Tracheophyta,Magnoliopsida,Fabales,Fabaceae,Dalbergia,18.4137184,73.4723065,2023-06-17,2023,6,HumanObservation,DEMO-DATASET
25,GBIF-DEMO-000025,3,Prionailurus bengalensis,Prionailurus bengalensis,Animalia,Chordata,Mammalia,Carnivora,Felidae,Prionailurus,19.0639515,73.5570476,2025-10-03,2025,10,HumanObservation,DEMO-DATASET
26,GBIF-DEMO-000026,3,Garcinia indica,Garcinia indica,Plantae,Tracheophyta,Magnoliopsida,Malpighiales,Clusiaceae,Garcinia,19.070417,73.5599335,2025-06-02,2025,6,HumanObservation,DEMO-DATASET
27,GBIF-DEMO-000027,3,Dalbergia latifolia,Dalbergia latifolia,Plantae,Tracheophyta,Magnoliopsida,Fabales,Fabaceae,Dalbergia,19.0684202,73.5464787,2024-12-03,2024,12,HumanObservation,DEMO-DATASET
28,GBIF-DEMO-000028,3,Hylarana temporalis,Hylarana temporalis,Animalia,Chordata,Amphibia,Anura,Ranidae,Hylarana,19.0748991,73.5434068,2024-10-27,2024,10,HumanObservation,DEMO-DATASET
29,GBIF-DEMO-000029,3,Ahaetulla nasuta,Ahaetulla nasuta,Animalia,Chordata,Reptilia,Squamata,Colubridae,Ahaetulla,19.0699782,73.5498734,2023-12-26,2023,12,HumanObservation,DEMO-DATASET
30,GBIF-DEMO-000030,3,Ficedula parva,Ficedula parva,Animalia,Chordata,Aves,Passeriformes,Muscicapidae,Ficedula,19.0683604,73.5516951,2024-06-04,2024,6,HumanObservation,DEMO-DATASET
31,GBIF-DEMO-000031,3,Spilornis cheela,Spilornis cheela,Animalia,Chordata,Aves,Accipitriformes,Accipitridae,Spilornis,19.0671374,73.5438642,2025-02-22,2025,2,HumanObservation,DEMO-DATASET
32,GBIF-DEMO-000032,3,Macaca radiata,Macaca radiata,Animalia,Chordata,Mammalia,Primates,Cercopithecidae,Macaca,19.0714293,73.5471735,2025-09-12,2025,9,HumanObservation,DEMO-DATASET
33,GBIF-DEMO-000033,3,Prionailurus bengalensis,Prionailurus bengalensis,Animalia,Chordata,Mammalia,Carnivora,Felidae,Prionailurus,19.0689043,73.552663,2024-12-22,2024,12,HumanObservation,DEMO-DATASET
34,GBIF-DEMO-000034,3,Garcinia indica,Garcinia indica,Plantae,Tracheophyta,Magnoliopsida,Malpighiales,Clusiaceae,Garcinia,19.0682639,73.5465852,2025-04-13,2025,4,HumanObservation,DEMO-DATASET
35,GBIF-DEMO-000035,3,Dalbergia latifolia,Dalbergia latifolia,Plantae,Tracheophyta,Magnoliopsida,Fabales,Fabaceae,Dalbergia,19.0710869,73.5492364,2023-08-10,2023,8,HumanObservation,DEMO-DATASET
36,GBIF-DEMO-000036,3,Hylarana temporalis,Hylarana temporalis,Animalia,Chordata,Amphibia,Anura,Ranidae,Hylarana,19.0671314,73.5469146,2024-01-11,2024,1,HumanObservation,DEMO-DATASET
37,GBIF-DEMO-000037,4,Garcinia indica,Garcinia indica,Plantae,Tracheophyta,Magnoliopsida,Malpighiales,Clusiaceae,Garcinia,15.9535142,73.9933213,2024-09-27,2024,9,HumanObservation,DEMO-DATASET
38,GBIF-DEMO-000038,4,Dalbergia latifolia,Dalbergia latifolia,Plantae,Tracheophyta,Magnoliopsida,Fabales,Fabaceae,Dalbergia,15.9554326,74.0012534,2024-10-21,2024,10,HumanObservation,DEMO-DATASET
39,GBIF-DEMO-000039,4,Hylarana temporalis,Hylarana temporalis,Animalia,Chordata,Amphibia,Anura,Ranidae,Hylarana,15.9561188,74.0065358,2025-12-05,2025,12,HumanObservation,DEMO-DATASET
40,GBIF-DEMO-000040,4,Ahaetulla nasuta,Ahaetulla nasuta,Animalia,Chordata,Reptilia,Squamata,Colubridae,Ahaetulla,15.9627032,73.9910515,2024-08-26,2024,8,HumanObservation,DEMO-DATASET
41,GBIF-DEMO-000041,4,Ficedula parva,Ficedula parva,Animalia,Chordata,Aves,Passeriformes,Muscicapidae,Ficedula,15.9582798,74.008478,2025-07-27,2025,7,HumanObservation,DEMO-DATASET
42,GBIF-DEMO-000042,4,Spilornis cheela,Spilornis cheela,Animalia,Chordata,Aves,Accipitriformes,Accipitridae,Spilornis,15.9526167,74.0036084,2023-11-16,2023,11,HumanObservation,DEMO-DATASET
43,GBIF-DEMO-000043,4,Macaca radiata,Macaca radiata,Animalia,Chordata,Mammalia,Primates,Cercopithecidae,Macaca,15.9524245,74.0048692,2023-11-07,2023,11,HumanObservation,DEMO-DATASET
44,GBIF-DEMO-000044,4,Prionailurus bengalensis,Prionailurus bengalensis,Animalia,Chordata,Mammalia,Carnivora,Felidae,Prionailurus,15.9594521,73.9901095,2024-07-22,2024,7,HumanObservation,DEMO-DATASET
45,GBIF-DEMO-000045,4,Garcinia indica,Garcinia indica,Plantae,Tracheophyta,Magnoliopsida,Malpighiales,Clusiaceae,Garcinia,15.9572915,74.0075753,2025-05-23,2025,5,HumanObservation,DEMO-DATASET
46,GBIF-DEMO-000046,4,Dalbergia latifolia,Dalbergia latifolia,Plantae,Tracheophyta,Magnoliopsida,Fabales,Fabaceae,Dalbergia,15.9563255,73.9932118,2024-06-21,2024,6,HumanObservation,DEMO-DATASET
47,GBIF-DEMO-000047,4,Hylarana temporalis,Hylarana temporalis,Animalia,Chordata,Amphibia,Anura,Ranidae,Hylarana,15.9599454,74.0007298,2023-12-03,2023,12,HumanObservation,DEMO-DATASET
48,GBIF-DEMO-000048,4,Ahaetulla nasuta,Ahaetulla nasuta,Animalia,Chordata,Reptilia,Squamata,Colubridae,Ahaetulla,15.9656903,73.9937522,2025-12-17,2025,12,HumanObservation,DEMO-DATASET
49,GBIF-DEMO-000049,5,Dalbergia latifolia,Dalbergia latifolia,Plantae,Tracheophyta,Magnoliopsida,Fabales,Fabaceae,Dalbergia,15.6360504,74.0974893,2023-02-11,2023,2,HumanObservation,DEMO-DATASET
50,GBIF-DEMO-000050,5,Hylarana temporalis,Hylarana temporalis,Animalia,Chordata,Amphibia,Anura,Ranidae,Hylarana,15.6297082,74.1012879,2025-08-27,2025,8,HumanObservation,DEMO-DATASET
51,GBIF-DEMO-000051,5,Ahaetulla nasuta,Ahaetulla nasuta,Animalia,Chordata,Reptilia,Squamata,Colubridae,Ahaetulla,15.6317154,74.0984996,2025-05-04,2025,5,HumanObservation,DEMO-DATASET
52,GBIF-DEMO-000052,5,Ficedula parva,Ficedula parva,Animalia,Chordata,Aves,Passeriformes,Muscicapidae,Ficedula,15.6238944,74.105895,2024-03-23,2024,3,HumanObservation,DEMO-DATASET
53,GBIF-DEMO-000053,5,Spilornis cheela,Spilornis cheela,Animalia,Chordata,Aves,Accipitriformes,Accipitridae,Spilornis,15.6265504,74.0960759,2025-11-02,2025,11,HumanObservation,DEMO-DATASET
54,GBIF-DEMO-000054,5,Macaca radiata,Macaca radiata,Animalia,Chordata,Mammalia,Primates,Cercopithecidae,Macaca,15.6303273,74.0992735,2023-06-19,2023,6,HumanObservation,DEMO-DATASET
55,GBIF-DEMO-000055,5,Prionailurus bengalensis,Prionailurus bengalensis,Animalia,Chordata,Mammalia,Carnivora,Felidae,Prionailurus,15.6246143,74.1033666,2023-05-22,2023,5,HumanObservation,DEMO-DATASET
56,GBIF-DEMO-000056,5,Garcinia indica,Garcinia indica,Plantae,Tracheophyta,Magnoliopsida,Malpighiales,Clusiaceae,Garcinia,15.6226415,74.0992345,2024-12-15,2024,12,HumanObservation,DEMO-DATASET
57,GBIF-DEMO-000057,5,Dalbergia latifolia,Dalbergia latifolia,Plantae,Tracheophyta,Magnoliopsida,Fabales,Fabaceae,Dalbergia,15.6254292,74.0927925,2024-03-14,2024,3,HumanObservation,DEMO-DATASET
58,GBIF-DEMO-000058,5,Hylarana temporalis,Hylarana temporalis,Animalia,Chordata,Amphibia,Anura,Ranidae,Hylarana,15.623549,74.1089464,2024-03-11,2024,3,HumanObservation,DEMO-DATASET
59,GBIF-DEMO-000059,5,Ahaetulla nasuta,Ahaetulla nasuta,Animalia,Chordata,Reptilia,Squamata,Colubridae,Ahaetulla,15.6349435,74.1094883,2023-01-16,2023,1,HumanObservation,DEMO-DATASET
60,GBIF-DEMO-000060,5,Ficedula parva,Ficedula parva,Animalia,Chordata,Aves,Passeriformes,Muscicapidae,Ficedula,15.6359425,74.1026847,2024-05-12,2024,5,HumanObservation,DEMO-DATASET
61,GBIF-DEMO-000061,6,Hylarana temporalis,Hylarana temporalis,Animalia,Chordata,Amphibia,Anura,Ranidae,Hylarana,15.2488972,74.610718,2023-07-10,2023,7,HumanObservation,DEMO-DATASET
62,GBIF-DEMO-000062,6,Ahaetulla nasuta,Ahaetulla nasuta,Animalia,Chordata,Reptilia,Squamata,Colubridae,Ahaetulla,15.2573393,74.610808,2025-03-20,2025,3,HumanObservation,DEMO-DATASET
63,GBIF-DEMO-000063,6,Ficedula parva,Ficedula parva,Animalia,Chordata,Aves,Passeriformes,Muscicapidae,Ficedula,15.2468282,74.6280598,2024-01-09,2024,1,HumanObservation,DEMO-DATASET
64,GBIF-DEMO-000064,6,Spilornis cheela,Spilornis cheela,Animalia,Chordata,Aves,Accipitriformes,Accipitridae,Spilornis,15.2553996,74.6123501,2025-04-02,2025,4,HumanObservation,DEMO-DATASET
65,GBIF-DEMO-000065,6,Macaca radiata,Macaca radiata,Animalia,Chordata,Mammalia,Primates,Cercopithecidae,Macaca,15.2553553,74.6131152,2025-07-02,2025,7,HumanObservation,DEMO-DATASET
66,GBIF-DEMO-000066,6,Prionailurus bengalensis,Prionailurus bengalensis,Animalia,Chordata,Mammalia,Carnivora,Felidae,Prionailurus,15.2510792,74.6179447,2025-10-13,2025,10,HumanObservation,DEMO-DATASET
67,GBIF-DEMO-000067,6,Garcinia indica,Garcinia indica,Plantae,Tracheophyta,Magnoliopsida,Malpighiales,Clusiaceae,Garcinia,15.2430099,74.629375,2023-04-22,2023,4,HumanObservation,DEMO-DATASET
68,GBIF-DEMO-000068,6,Dalbergia latifolia,Dalbergia latifolia,Plantae,Tracheophyta,Magnoliopsida,Fabales,Fabaceae,Dalbergia,15.2465768,74.6292875,2023-03-03,2023,3,HumanObservation,DEMO-DATASET
69,GBIF-DEMO-000069,6,Hylarana temporalis,Hylarana temporalis,Animalia,Chordata,Amphibia,Anura,Ranidae,Hylarana,15.2558768,74.6241569,2024-10-04,2024,10,HumanObservation,DEMO-DATASET
70,GBIF-DEMO-000070,6,Ahaetulla nasuta,Ahaetulla nasuta,Animalia,Chordata,Reptilia,Squamata,Colubridae,Ahaetulla,15.2554745,74.6288676,2025-08-04,2025,8,HumanObservation,DEMO-DATASET
71,GBIF-DEMO-000071,6,Ficedula parva,Ficedula parva,Animalia,Chordata,Aves,Passeriformes,Muscicapidae,Ficedula,15.2547326,74.6209135,2024-07-27,2024,7,HumanObservation,DEMO-DATASET
72,GBIF-DEMO-000072,6,Spilornis cheela,Spilornis cheela,Animalia,Chordata,Aves,Accipitriformes,Accipitridae,Spilornis,15.2575489,74.6240968,2025-10-14,2025,10,HumanObservation,DEMO-DATASET
73,GBIF-DEMO-000073,7,Ahaetulla nasuta,Ahaetulla nasuta,Animalia,Chordata,Reptilia,Squamata,Colubridae,Ahaetulla,11.6093025,76.0777268,2023-05-06,2023,5,HumanObservation,DEMO-DATASET
74,GBIF-DEMO-000074,7,Ficedula parva,Ficedula parva,Animalia,Chordata,Aves,Passeriformes,Muscicapidae,Ficedula,11.6034361,76.0715487,2024-07-22,2024,7,HumanObservation,DEMO-DATASET
75,GBIF-DEMO-000075,7,Spilornis cheela,Spilornis cheela,Animalia,Chordata,Aves,Accipitriformes,Accipitridae,Spilornis,11.6091372,76.0886137,2025-08-03,2025,8,HumanObservation,DEMO-DATASET
76,GBIF-DEMO-000076,7,Macaca radiata,Macaca radiata,Animalia,Chordata,Mammalia,Primates,Cercopithecidae,Macaca,11.6045204,76.0741164,2023-04-27,2023,4,HumanObservation,DEMO-DATASET
77,GBIF-DEMO-000077,7,Prionailurus bengalensis,Prionailurus bengalensis,Animalia,Chordata,Mammalia,Carnivora,Felidae,Prionailurus,11.6054993,76.0803151,2024-12-24,2024,12,HumanObservation,DEMO-DATASET
78,GBIF-DEMO-000078,7,Garcinia indica,Garcinia indica,Plantae,Tracheophyta,Magnoliopsida,Malpighiales,Clusiaceae,Garcinia,11.6057818,76.0709824,2025-05-05,2025,5,HumanObservation,DEMO-DATASET
79,GBIF-DEMO-000079,7,Dalbergia latifolia,Dalbergia latifolia,Plantae,Tracheophyta,Magnoliopsida,Fabales,Fabaceae,Dalbergia,11.6030133,76.0739025,2023-07-10,2023,7,HumanObservation,DEMO-DATASET
80,GBIF-DEMO-000080,7,Hylarana temporalis,Hylarana temporalis,Animalia,Chordata,Amphibia,Anura,Ranidae,Hylarana,11.6105955,76.0825198,2025-10-06,2025,10,HumanObservation,DEMO-DATASET
81,GBIF-DEMO-000081,7,Ahaetulla nasuta,Ahaetulla nasuta,Animalia,Chordata,Reptilia,Squamata,Colubridae,Ahaetulla,11.6148093,76.0823558,2024-11-17,2024,11,HumanObservation,DEMO-DATASET
82,GBIF-DEMO-000082,7,Ficedula parva,Ficedula parva,Animalia,Chordata,Aves,Passeriformes,Muscicapidae,Ficedula,11.6075664,76.0718116,2025-06-07,2025,6,HumanObservation,DEMO-DATASET
83,GBIF-DEMO-000083,7,Spilornis cheela,Spilornis cheela,Animalia,Chordata,Aves,Accipitriformes,Accipitridae,Spilornis,11.6090055,76.0889139,2025-05-09,2025,5,HumanObservation,DEMO-DATASET
84,GBIF-DEMO-000084,7,Macaca radiata,Macaca radiata,Animalia,Chordata,Mammalia,Primates,Cercopithecidae,Macaca,11.6106476,76.0736562,2025-08-09,2025,8,HumanObservation,DEMO-DATASET
85,GBIF-DEMO-000085,8,Ficedula parva,Ficedula parva,Animalia,Chordata,Aves,Passeriformes,Muscicapidae,Ficedula,17.6824511,73.9934571,2023-06-22,2023,6,HumanObservation,DEMO-DATASET
86,GBIF-DEMO-000086,8,Spilornis cheela,Spilornis cheela,Animalia,Chordata,Aves,Accipitriformes,Accipitridae,Spilornis,17.6835505,73.9833775,2023-09-26,2023,9,HumanObservation,DEMO-DATASET
87,GBIF-DEMO-000087,8,Macaca radiata,Macaca radiata,Animalia,Chordata,Mammalia,Primates,Cercopithecidae,Macaca,17.6750065,73.9821462,2024-06-15,2024,6,HumanObservation,DEMO-DATASET
88,GBIF-DEMO-000088,8,Prionailurus bengalensis,Prionailurus bengalensis,Animalia,Chordata,Mammalia,Carnivora,Felidae,Prionailurus,17.6801311,73.9887333,2024-04-27,2024,4,HumanObservation,DEMO-DATASET
89,GBIF-DEMO-000089,8,Garcinia indica,Garcinia indica,Plantae,Tracheophyta,Magnoliopsida,Malpighiales,Clusiaceae,Garcinia,17.6797805,73.9895589,2025-06-27,2025,6,HumanObservation,DEMO-DATASET
90,GBIF-DEMO-000090,8,Dalbergia latifolia,Dalbergia latifolia,Plantae,Tracheophyta,Magnoliopsida,Fabales,Fabaceae,Dalbergia,17.6814873,73.9845594,2023-09-18,2023,9,HumanObservation,DEMO-DATASET
91,GBIF-DEMO-000091,8,Hylarana temporalis,Hylarana temporalis,Animalia,Chordata,Amphibia,Anura,Ranidae,Hylarana,17.6728133,73.9996277,2023-06-14,2023,6,HumanObservation,DEMO-DATASET
92,GBIF-DEMO-000092,8,Ahaetulla nasuta,Ahaetulla nasuta,Animalia,Chordata,Reptilia,Squamata,Colubridae,Ahaetulla,17.679609,73.9812066,2025-10-23,2025,10,HumanObservation,DEMO-DATASET
93,GBIF-DEMO-000093,8,Ficedula parva,Ficedula parva,Animalia,Chordata,Aves,Passeriformes,Muscicapidae,Ficedula,17.6823709,73.9956351,2025-06-13,2025,6,HumanObservation,DEMO-DATASET
94,GBIF-DEMO-000094,8,Spilornis cheela,Spilornis cheela,Animalia,Chordata,Aves,Accipitriformes,Accipitridae,Spilornis,17.6856997,73.9926213,2024-04-10,2024,4,HumanObservation,DEMO-DATASET
95,GBIF-DEMO-000095,8,Macaca radiata,Macaca radiata,Animalia,Chordata,Mammalia,Primates,Cercopithecidae,Macaca,17.6826005,73.9934371,2025-12-20,2025,12,HumanObservation,DEMO-DATASET
96,GBIF-DEMO-000096,8,Prionailurus bengalensis,Prionailurus bengalensis,Animalia,Chordata,Mammalia,Carnivora,Felidae,Prionailurus,17.6788013,73.9962425,2024-05-14,2024,5,HumanObservation,DEMO-DATASET
97,GBIF-DEMO-000097,9,Spilornis cheela,Spilornis cheela,Animalia,Chordata,Aves,Accipitriformes,Accipitridae,Spilornis,17.9237852,73.6591942,2024-03-17,2024,3,HumanObservation,DEMO-DATASET
98,GBIF-DEMO-000098,9,Macaca radiata,Macaca radiata,Animalia,Chordata,Mammalia,Primates,Cercopithecidae,Macaca,17.9140985,73.6539717,2025-05-17,2025,5,HumanObservation,DEMO-DATASET
99,GBIF-DEMO-000099,9,Prionailurus bengalensis,Prionailurus bengalensis,Animalia,Chordata,Mammalia,Carnivora,Felidae,Prionailurus,17.9239563,73.6678938,2025-04-16,2025,4,HumanObservation,DEMO-DATASET
100,GBIF-DEMO-000100,9,Garcinia indica,Garcinia indica,Plantae,Tracheophyta,Magnoliopsida,Malpighiales,Clusiaceae,Garcinia,17.9272967,73.6530885,2023-04-06,2023,4,HumanObservation,DEMO-DATASET
101,GBIF-DEMO-000101,9,Dalbergia latifolia,Dalbergia latifolia,Plantae,Tracheophyta,Magnoliopsida,Fabales,Fabaceae,Dalbergia,17.9166613,73.6605878,2023-11-20,2023,11,HumanObservation,DEMO-DATASET
102,GBIF-DEMO-000102,9,Hylarana temporalis,Hylarana temporalis,Animalia,Chordata,Amphibia,Anura,Ranidae,Hylarana,17.9233305,73.6535036,2025-10-10,2025,10,HumanObservation,DEMO-DATASET
103,GBIF-DEMO-000103,9,Ahaetulla nasuta,Ahaetulla nasuta,Animalia,Chordata,Reptilia,Squamata,Colubridae,Ahaetulla,17.9196545,73.6529485,2024-04-07,2024,4,HumanObservation,DEMO-DATASET
104,GBIF-DEMO-000104,9,Ficedula parva,Ficedula parva,Animalia,Chordata,Aves,Passeriformes,Muscicapidae,Ficedula,17.9140364,73.6610048,2023-10-20,2023,10,HumanObservation,DEMO-DATASET
105,GBIF-DEMO-000105,9,Spilornis cheela,Spilornis cheela,Animalia,Chordata,Aves,Accipitriformes,Accipitridae,Spilornis,17.9131189,73.6596225,2023-10-16,2023,10,HumanObservation,DEMO-DATASET
106,GBIF-DEMO-000106,9,Macaca radiata,Macaca radiata,Animalia,Chordata,Mammalia,Primates,Cercopithecidae,Macaca,17.9250412,73.6589648,2025-06-23,2025,6,HumanObservation,DEMO-DATASET
107,GBIF-DEMO-000107,9,Prionailurus bengalensis,Prionailurus bengalensis,Animalia,Chordata,Mammalia,Carnivora,Felidae,Prionailurus,17.915852,73.6572162,2023-03-07,2023,3,HumanObservation,DEMO-DATASET
108,GBIF-DEMO-000108,9,Garcinia indica,Garcinia indica,Plantae,Tracheophyta,Magnoliopsida,Malpighiales,Clusiaceae,Garcinia,17.918273,73.6548185,2024-11-21,2024,11,HumanObservation,DEMO-DATASET
109,GBIF-DEMO-000109,10,Macaca radiata,Macaca radiata,Animalia,Chordata,Mammalia,Primates,Cercopithecidae,Macaca,19.9970215,73.7754561,2024-02-01,2024,2,HumanObservation,DEMO-DATASET
110,GBIF-DEMO-000110,10,Prionailurus bengalensis,Prionailurus bengalensis,Animalia,Chordata,Mammalia,Carnivora,Felidae,Prionailurus,19.9968474,73.7773855,2024-11-07,2024,11,HumanObservation,DEMO-DATASET
111,GBIF-DEMO-000111,10,Garcinia indica,Garcinia indica,Plantae,Tracheophyta,Magnoliopsida,Malpighiales,Clusiaceae,Garcinia,20.0042105,73.7886001,2024-06-17,2024,6,HumanObservation,DEMO-DATASET
112,GBIF-DEMO-000112,10,Dalbergia latifolia,Dalbergia latifolia,Plantae,Tracheophyta,Magnoliopsida,Fabales,Fabaceae,Dalbergia,20.0058748,73.7899766,2024-06-17,2024,6,HumanObservation,DEMO-DATASET
113,GBIF-DEMO-000113,10,Hylarana temporalis,Hylarana temporalis,Animalia,Chordata,Amphibia,Anura,Ranidae,Hylarana,20.0062365,73.7881722,2024-10-10,2024,10,HumanObservation,DEMO-DATASET
114,GBIF-DEMO-000114,10,Ahaetulla nasuta,Ahaetulla nasuta,Animalia,Chordata,Reptilia,Squamata,Colubridae,Ahaetulla,19.9932985,73.7703161,2024-07-13,2024,7,HumanObservation,DEMO-DATASET
115,GBIF-DEMO-000115,10,Ficedula parva,Ficedula parva,Animalia,Chordata,Aves,Passeriformes,Muscicapidae,Ficedula,19.999909,73.7781472,2024-07-21,2024,7,HumanObservation,DEMO-DATASET
116,GBIF-DEMO-000116,10,Spilornis cheela,Spilornis cheela,Animalia,Chordata,Aves,Accipitriformes,Accipitridae,Spilornis,20.0053858,73.7721731,2024-09-07,2024,9,HumanObservation,DEMO-DATASET
117,GBIF-DEMO-000117,10,Macaca radiata,Macaca radiata,Animalia,Chordata,Mammalia,Primates,Cercopithecidae,Macaca,20.0046881,73.7869567,2025-12-19,2025,12,HumanObservation,DEMO-DATASET
118,GBIF-DEMO-000118,10,Prionailurus bengalensis,Prionailurus bengalensis,Animalia,Chordata,Mammalia,Carnivora,Felidae,Prionailurus,20.0062384,73.776287,2025-02-11,2025,2,HumanObservation,DEMO-DATASET
119,GBIF-DEMO-000119,10,Garcinia indica,Garcinia indica,Plantae,Tracheophyta,Magnoliopsida,Malpighiales,Clusiaceae,Garcinia,19.9962894,73.782126,2024-12-12,2024,12,HumanObservation,DEMO-DATASET
120,GBIF-DEMO-000120,10,Dalbergia latifolia,Dalbergia latifolia,Plantae,Tracheophyta,Magnoliopsida,Fabales,Fabaceae,Dalbergia,20.000912,73.775926,2024-03-05,2024,3,HumanObservation,DEMO-DATASET
121,GBIF-DEMO-000121,11,Prionailurus bengalensis,Prionailurus bengalensis,Animalia,Chordata,Mammalia,Carnivora,Felidae,Prionailurus,18.145123,73.8411589,2024-12-21,2024,12,HumanObservation,DEMO-DATASET
122,GBIF-DEMO-000122,11,Garcinia indica,Garcinia indica,Plantae,Tracheophyta,Magnoliopsida,Malpighiales,Clusiaceae,Garcinia,18.1553459,73.8536266,2024-09-06,2024,9,HumanObservation,DEMO-DATASET
123,GBIF-DEMO-000123,11,Dalbergia latifolia,Dalbergia latifolia,Plantae,Tracheophyta,Magnoliopsida,Fabales,Fabaceae,Dalbergia,18.1448074,73.8562398,2025-04-25,2025,4,HumanObservation,DEMO-DATASET
124,GBIF-DEMO-000124,11,Hylarana temporalis,Hylarana temporalis,Animalia,Chordata,Amphibia,Anura,Ranidae,Hylarana,18.1442409,73.8535542,2025-12-22,2025,12,HumanObservation,DEMO-DATASET
125,GBIF-DEMO-000125,11,Ahaetulla nasuta,Ahaetulla nasuta,Animalia,Chordata,Reptilia,Squamata,Colubridae,Ahaetulla,18.1457641,73.8455241,2024-12-16,2024,12,HumanObservation,DEMO-DATASET
126,GBIF-DEMO-000126,11,Ficedula parva,Ficedula parva,Animalia,Chordata,Aves,Passeriformes,Muscicapidae,Ficedula,18.1488793,73.8486503,2023-09-07,2023,9,HumanObservation,DEMO-DATASET
127,GBIF-DEMO-000127,11,Spilornis cheela,Spilornis cheela,Animalia,Chordata,Aves,Accipitriformes,Accipitridae,Spilornis,18.1544127,73.855437,2024-05-20,2024,5,HumanObservation,DEMO-DATASET
128,GBIF-DEMO-000128,11,Macaca radiata,Macaca radiata,Animalia,Chordata,Mammalia,Primates,Cercopithecidae,Macaca,18.1454092,73.8400861,2025-07-16,2025,7,HumanObservation,DEMO-DATASET
129,GBIF-DEMO-000129,11,Prionailurus bengalensis,Prionailurus bengalensis,Animalia,Chordata,Mammalia,Carnivora,Felidae,Prionailurus,18.1579052,73.8407729,2023-03-25,2023,3,HumanObservation,DEMO-DATASET
130,GBIF-DEMO-000130,11,Garcinia indica,Garcinia indica,Plantae,Tracheophyta,Magnoliopsida,Malpighiales,Clusiaceae,Garcinia,18.1549591,73.8417808,2024-02-11,2024,2,HumanObservation,DEMO-DATASET
131,GBIF-DEMO-000131,11,Dalbergia latifolia,Dalbergia latifolia,Plantae,Tracheophyta,Magnoliopsida,Fabales,Fabaceae,Dalbergia,18.1539532,73.8474309,2023-03-05,2023,3,HumanObservation,DEMO-DATASET
132,GBIF-DEMO-000132,11,Hylarana temporalis,Hylarana temporalis,Animalia,Chordata,Amphibia,Anura,Ranidae,Hylarana,18.1485608,73.8495883,2023-09-24,2023,9,HumanObservation,DEMO-DATASET
133,GBIF-DEMO-000133,12,Garcinia indica,Garcinia indica,Plantae,Tracheophyta,Magnoliopsida,Malpighiales,Clusiaceae,Garcinia,17.922276,73.813808,2023-12-05,2023,12,HumanObservation,DEMO-DATASET
134,GBIF-DEMO-000134,12,Dalbergia latifolia,Dalbergia latifolia,Plantae,Tracheophyta,Magnoliopsida,Fabales,Fabaceae,Dalbergia,17.9184537,73.8184669,2024-01-07,2024,1,HumanObservation,DEMO-DATASET
135,GBIF-DEMO-000135,12,Hylarana temporalis,Hylarana temporalis,Animalia,Chordata,Amphibia,Anura,Ranidae,Hylarana,17.923677,73.8150915,2025-02-12,2025,2,HumanObservation,DEMO-DATASET
136,GBIF-DEMO-000136,12,Ahaetulla nasuta,Ahaetulla nasuta,Animalia,Chordata,Reptilia,Squamata,Colubridae,Ahaetulla,17.915209,73.8037075,2024-05-13,2024,5,HumanObservation,DEMO-DATASET
137,GBIF-DEMO-000137,12,Ficedula parva,Ficedula parva,Animalia,Chordata,Aves,Passeriformes,Muscicapidae,Ficedula,17.9166309,73.8159212,2023-11-15,2023,11,HumanObservation,DEMO-DATASET
138,GBIF-DEMO-000138,12,Spilornis cheela,Spilornis cheela,Animalia,Chordata,Aves,Accipitriformes,Accipitridae,Spilornis,17.9162565,73.8054827,2025-02-07,2025,2,HumanObservation,DEMO-DATASET
139,GBIF-DEMO-000139,12,Macaca radiata,Macaca radiata,Animalia,Chordata,Mammalia,Primates,Cercopithecidae,Macaca,17.9141606,73.818876,2024-05-26,2024,5,HumanObservation,DEMO-DATASET
140,GBIF-DEMO-000140,12,Prionailurus bengalensis,Prionailurus bengalensis,Animalia,Chordata,Mammalia,Carnivora,Felidae,Prionailurus,17.9255467,73.8079839,2023-04-01,2023,4,HumanObservation,DEMO-DATASET
141,GBIF-DEMO-000141,12,Garcinia indica,Garcinia indica,Plantae,Tracheophyta,Magnoliopsida,Malpighiales,Clusiaceae,Garcinia,17.9145911,73.812785,2024-10-05,2024,10,HumanObservation,DEMO-DATASET
142,GBIF-DEMO-000142,12,Dalbergia latifolia,Dalbergia latifolia,Plantae,Tracheophyta,Magnoliopsida,Fabales,Fabaceae,Dalbergia,17.9266783,73.8170199,2023-03-23,2023,3,HumanObservation,DEMO-DATASET
143,GBIF-DEMO-000143,12,Hylarana temporalis,Hylarana temporalis,Animalia,Chordata,Amphibia,Anura,Ranidae,Hylarana,17.9156426,73.8010107,2025-11-15,2025,11,HumanObservation,DEMO-DATASET
144,GBIF-DEMO-000144,12,Ahaetulla nasuta,Ahaetulla nasuta,Animalia,Chordata,Reptilia,Squamata,Colubridae,Ahaetulla,17.9219027,73.8151993,2023-08-04,2023,8,HumanObservation,DEMO-DATASET
145,GBIF-DEMO-000145,13,Dalbergia latifolia,Dalbergia latifolia,Plantae,Tracheophyta,Magnoliopsida,Fabales,Fabaceae,Dalbergia,16.9944934,73.3187702,2023-09-27,2023,9,HumanObservation,DEMO-DATASET
146,GBIF-DEMO-000146,13,Hylarana temporalis,Hylarana temporalis,Animalia,Chordata,Amphibia,Anura,Ranidae,Hylarana,16.9960269,73.3105492,2024-12-21,2024,12,HumanObservation,DEMO-DATASET
147,GBIF-DEMO-000147,13,Ahaetulla nasuta,Ahaetulla nasuta,Animalia,Chordata,Reptilia,Squamata,Colubridae,Ahaetulla,16.9951281,73.3149871,2024-04-12,2024,4,HumanObservation,DEMO-DATASET
148,GBIF-DEMO-000148,13,Ficedula parva,Ficedula parva,Animalia,Chordata,Aves,Passeriformes,Muscicapidae,Ficedula,16.9858134,73.3100575,2023-09-14,2023,9,HumanObservation,DEMO-DATASET
149,GBIF-DEMO-000149,13,Spilornis cheela,Spilornis cheela,Animalia,Chordata,Aves,Accipitriformes,Accipitridae,Spilornis,16.9913223,73.307902,2025-10-26,2025,10,HumanObservation,DEMO-DATASET
150,GBIF-DEMO-000150,13,Macaca radiata,Macaca radiata,Animalia,Chordata,Mammalia,Primates,Cercopithecidae,Macaca,16.9859476,73.3147305,2025-04-19,2025,4,HumanObservation,DEMO-DATASET
151,GBIF-DEMO-000151,13,Prionailurus bengalensis,Prionailurus bengalensis,Animalia,Chordata,Mammalia,Carnivora,Felidae,Prionailurus,16.9903694,73.3037706,2024-10-13,2024,10,HumanObservation,DEMO-DATASET
152,GBIF-DEMO-000152,13,Garcinia indica,Garcinia indica,Plantae,Tracheophyta,Magnoliopsida,Malpighiales,Clusiaceae,Garcinia,16.9935494,73.3183572,2025-02-27,2025,2,HumanObservation,DEMO-DATASET
153,GBIF-DEMO-000153,13,Dalbergia latifolia,Dalbergia latifolia,Plantae,Tracheophyta,Magnoliopsida,Fabales,Fabaceae,Dalbergia,16.9876328,73.3127645,2024-06-02,2024,6,HumanObservation,DEMO-DATASET
154,GBIF-DEMO-000154,13,Hylarana temporalis,Hylarana temporalis,Animalia,Chordata,Amphibia,Anura,Ranidae,Hylarana,16.9835009,73.3082475,2025-08-24,2025,8,HumanObservation,DEMO-DATASET
155,GBIF-DEMO-000155,13,Ahaetulla nasuta,Ahaetulla nasuta,Animalia,Chordata,Reptilia,Squamata,Colubridae,Ahaetulla,16.9865448,73.3157559,2024-05-17,2024,5,HumanObservation,DEMO-DATASET
156,GBIF-DEMO-000156,13,Ficedula parva,Ficedula parva,Animalia,Chordata,Aves,Passeriformes,Muscicapidae,Ficedula,16.9961365,73.3060264,2025-03-21,2025,3,HumanObservation,DEMO-DATASET
157,GBIF-DEMO-000157,14,Hylarana temporalis,Hylarana temporalis,Animalia,Chordata,Amphibia,Anura,Ranidae,Hylarana,18.5173897,73.2021273,2023-08-26,2023,8,HumanObservation,DEMO-DATASET
158,GBIF-DEMO-000158,14,Ahaetulla nasuta,Ahaetulla nasuta,Animalia,Chordata,Reptilia,Squamata,Colubridae,Ahaetulla,18.5123912,73.1944032,2025-12-20,2025,12,HumanObservation,DEMO-DATASET
159,GBIF-DEMO-000159,14,Ficedula parva,Ficedula parva,Animalia,Chordata,Aves,Passeriformes,Muscicapidae,Ficedula,18.5210164,73.1999121,2024-01-13,2024,1,HumanObservation,DEMO-DATASET
160,GBIF-DEMO-000160,14,Spilornis cheela,Spilornis cheela,Animalia,Chordata,Aves,Accipitriformes,Accipitridae,Spilornis,18.5258416,73.1906179,2024-11-11,2024,11,HumanObservation,DEMO-DATASET
161,GBIF-DEMO-000161,14,Macaca radiata,Macaca radiata,Animalia,Chordata,Mammalia,Primates,Cercopithecidae,Macaca,18.5271224,73.1910176,2024-09-15,2024,9,HumanObservation,DEMO-DATASET
162,GBIF-DEMO-000162,14,Prionailurus bengalensis,Prionailurus bengalensis,Animalia,Chordata,Mammalia,Carnivora,Felidae,Prionailurus,18.5258657,73.2049214,2023-09-24,2023,9,HumanObservation,DEMO-DATASET
163,GBIF-DEMO-000163,14,Garcinia indica,Garcinia indica,Plantae,Tracheophyta,Magnoliopsida,Malpighiales,Clusiaceae,Garcinia,18.5154548,73.2006259,2024-10-22,2024,10,HumanObservation,DEMO-DATASET
164,GBIF-DEMO-000164,14,Dalbergia latifolia,Dalbergia latifolia,Plantae,Tracheophyta,Magnoliopsida,Fabales,Fabaceae,Dalbergia,18.5156919,73.1905436,2023-05-26,2023,5,HumanObservation,DEMO-DATASET
165,GBIF-DEMO-000165,14,Hylarana temporalis,Hylarana temporalis,Animalia,Chordata,Amphibia,Anura,Ranidae,Hylarana,18.5233603,73.2027112,2024-09-26,2024,9,HumanObservation,DEMO-DATASET
166,GBIF-DEMO-000166,14,Ahaetulla nasuta,Ahaetulla nasuta,Animalia,Chordata,Reptilia,Squamata,Colubridae,Ahaetulla,18.5196181,73.1989906,2024-01-18,2024,1,HumanObservation,DEMO-DATASET
167,GBIF-DEMO-000167,14,Ficedula parva,Ficedula parva,Animalia,Chordata,Aves,Passeriformes,Muscicapidae,Ficedula,18.5152246,73.2077612,2025-10-02,2025,10,HumanObservation,DEMO-DATASET
168,GBIF-DEMO-000168,14,Spilornis cheela,Spilornis cheela,Animalia,Chordata,Aves,Accipitriformes,Accipitridae,Spilornis,18.5212577,73.1928205,2024-04-27,2024,4,HumanObservation,DEMO-DATASET
169,GBIF-DEMO-000169,15,Ahaetulla nasuta,Ahaetulla nasuta,Animalia,Chordata,Reptilia,Squamata,Colubridae,Ahaetulla,16.1064463,73.678438,2025-04-23,2025,4,HumanObservation,DEMO-DATASET
170,GBIF-DEMO-000170,15,Ficedula parva,Ficedula parva,Animalia,Chordata,Aves,Passeriformes,Muscicapidae,Ficedula,16.0953884,73.6618,2023-03-04,2023,3,HumanObservation,DEMO-DATASET
171,GBIF-DEMO-000171,15,Spilornis cheela,Spilornis cheela,Animalia,Chordata,Aves,Accipitriformes,Accipitridae,Spilornis,16.0931409,73.6797965,2023-01-01,2023,1,HumanObservation,DEMO-DATASET
172,GBIF-DEMO-000172,15,Macaca radiata,Macaca radiata,Animalia,Chordata,Mammalia,Primates,Cercopithecidae,Macaca,16.1052361,73.6716048,2023-02-21,2023,2,HumanObservation,DEMO-DATASET
173,GBIF-DEMO-000173,15,Prionailurus bengalensis,Prionailurus bengalensis,Animalia,Chordata,Mammalia,Carnivora,Felidae,Prionailurus,16.1020946,73.6776435,2023-08-12,2023,8,HumanObservation,DEMO-DATASET
174,GBIF-DEMO-000174,15,Garcinia indica,Garcinia indica,Plantae,Tracheophyta,Magnoliopsida,Malpighiales,Clusiaceae,Garcinia,16.103404,73.6689479,2024-09-10,2024,9,HumanObservation,DEMO-DATASET
175,GBIF-DEMO-000175,15,Dalbergia latifolia,Dalbergia latifolia,Plantae,Tracheophyta,Magnoliopsida,Fabales,Fabaceae,Dalbergia,16.0994824,73.6633943,2024-10-22,2024,10,HumanObservation,DEMO-DATASET
176,GBIF-DEMO-000176,15,Hylarana temporalis,Hylarana temporalis,Animalia,Chordata,Amphibia,Anura,Ranidae,Hylarana,16.0944565,73.664927,2023-10-23,2023,10,HumanObservation,DEMO-DATASET
177,GBIF-DEMO-000177,15,Ahaetulla nasuta,Ahaetulla nasuta,Animalia,Chordata,Reptilia,Squamata,Colubridae,Ahaetulla,16.0972832,73.673721,2024-11-24,2024,11,HumanObservation,DEMO-DATASET
178,GBIF-DEMO-000178,15,Ficedula parva,Ficedula parva,Animalia,Chordata,Aves,Passeriformes,Muscicapidae,Ficedula,16.1042404,73.6661533,2023-10-06,2023,10,HumanObservation,DEMO-DATASET
179,GBIF-DEMO-000179,15,Spilornis cheela,Spilornis cheela,Animalia,Chordata,Aves,Accipitriformes,Accipitridae,Spilornis,16.1030224,73.6781959,2023-04-27,2023,4,HumanObservation,DEMO-DATASET
180,GBIF-DEMO-000180,15,Macaca radiata,Macaca radiata,Animalia,Chordata,Mammalia,Primates,Cercopithecidae,Macaca,16.0966373,73.6710857,2024-04-17,2024,4,HumanObservation,DEMO-DATASET
181,GBIF-DEMO-000181,16,Ficedula parva,Ficedula parva,Animalia,Chordata,Aves,Passeriformes,Muscicapidae,Ficedula,15.2517654,74.1524709,2025-02-09,2025,2,HumanObservation,DEMO-DATASET
182,GBIF-DEMO-000182,16,Spilornis cheela,Spilornis cheela,Animalia,Chordata,Aves,Accipitriformes,Accipitridae,Spilornis,15.252796,74.1536518,2025-08-02,2025,8,HumanObservation,DEMO-DATASET
183,GBIF-DEMO-000183,16,Macaca radiata,Macaca radiata,Animalia,Chordata,Mammalia,Primates,Cercopithecidae,Macaca,15.2491494,74.1481807,2024-02-27,2024,2,HumanObservation,DEMO-DATASET
184,GBIF-DEMO-000184,16,Prionailurus bengalensis,Prionailurus bengalensis,Animalia,Chordata,Mammalia,Carnivora,Felidae,Prionailurus,15.2490554,74.1548581,2023-10-07,2023,10,HumanObservation,DEMO-DATASET
185,GBIF-DEMO-000185,16,Garcinia indica,Garcinia indica,Plantae,Tracheophyta,Magnoliopsida,Malpighiales,Clusiaceae,Garcinia,15.255276,74.150916,2023-10-26,2023,10,HumanObservation,DEMO-DATASET
186,GBIF-DEMO-000186,16,Dalbergia latifolia,Dalbergia latifolia,Plantae,Tracheophyta,Magnoliopsida,Fabales,Fabaceae,Dalbergia,15.2499871,74.1523944,2024-09-26,2024,9,HumanObservation,DEMO-DATASET
187,GBIF-DEMO-000187,16,Hylarana temporalis,Hylarana temporalis,Animalia,Chordata,Amphibia,Anura,Ranidae,Hylarana,15.249869,74.1505732,2024-08-27,2024,8,HumanObservation,DEMO-DATASET
188,GBIF-DEMO-000188,16,Ahaetulla nasuta,Ahaetulla nasuta,Animalia,Chordata,Reptilia,Squamata,Colubridae,Ahaetulla,15.2431496,74.1503137,2025-09-14,2025,9,HumanObservation,DEMO-DATASET
189,GBIF-DEMO-000189,16,Ficedula parva,Ficedula parva,Animalia,Chordata,Aves,Passeriformes,Muscicapidae,Ficedula,15.256747,74.1498701,2024-06-27,2024,6,HumanObservation,DEMO-DATASET
190,GBIF-DEMO-000190,16,Spilornis cheela,Spilornis cheela,Animalia,Chordata,Aves,Accipitriformes,Accipitridae,Spilornis,15.2492092,74.1436177,2025-06-06,2025,6,HumanObservation,DEMO-DATASET
191,GBIF-DEMO-000191,16,Macaca radiata,Macaca radiata,Animalia,Chordata,Mammalia,Primates,Cercopithecidae,Macaca,15.243523,74.1400114,2024-06-10,2024,6,HumanObservation,DEMO-DATASET
192,GBIF-DEMO-000192,16,Prionailurus bengalensis,Prionailurus bengalensis,Animalia,Chordata,Mammalia,Carnivora,Felidae,Prionailurus,15.2537355,74.140643,2025-03-16,2025,3,HumanObservation,DEMO-DATASET
193,GBIF-DEMO-000193,17,Spilornis cheela,Spilornis cheela,Animalia,Chordata,Aves,Accipitriformes,Accipitridae,Spilornis,14.8144685,74.1388215,2025-03-11,2025,3,HumanObservation,DEMO-DATASET
194,GBIF-DEMO-000194,17,Macaca radiata,Macaca radiata,Animalia,Chordata,Mammalia,Primates,Cercopithecidae,Macaca,14.8172198,74.1328312,2024-04-12,2024,4,HumanObservation,DEMO-DATASET
195,GBIF-DEMO-000195,17,Prionailurus bengalensis,Prionailurus bengalensis,Animalia,Chordata,Mammalia,Carnivora,Felidae,Prionailurus,14.8241543,74.1246136,2023-11-26,2023,11,HumanObservation,DEMO-DATASET
196,GBIF-DEMO-000196,17,Garcinia indica,Garcinia indica,Plantae,Tracheophyta,Magnoliopsida,Malpighiales,Clusiaceae,Garcinia,14.8240975,74.1369946,2024-05-27,2024,5,HumanObservation,DEMO-DATASET
197,GBIF-DEMO-000197,17,Dalbergia latifolia,Dalbergia latifolia,Plantae,Tracheophyta,Magnoliopsida,Fabales,Fabaceae,Dalbergia,14.8155831,74.1257378,2024-04-19,2024,4,HumanObservation,DEMO-DATASET
198,GBIF-DEMO-000198,17,Hylarana temporalis,Hylarana temporalis,Animalia,Chordata,Amphibia,Anura,Ranidae,Hylarana,14.8213191,74.1398705,2023-01-27,2023,1,HumanObservation,DEMO-DATASET
199,GBIF-DEMO-000199,17,Ahaetulla nasuta,Ahaetulla nasuta,Animalia,Chordata,Reptilia,Squamata,Colubridae,Ahaetulla,14.8204284,74.1327805,2025-11-11,2025,11,HumanObservation,DEMO-DATASET
200,GBIF-DEMO-000200,17,Ficedula parva,Ficedula parva,Animalia,Chordata,Aves,Passeriformes,Muscicapidae,Ficedula,14.8152618,74.1305708,2025-09-23,2025,9,HumanObservation,DEMO-DATASET
201,GBIF-DEMO-000201,17,Spilornis cheela,Spilornis cheela,Animalia,Chordata,Aves,Accipitriformes,Accipitridae,Spilornis,14.8168512,74.1287962,2023-12-13,2023,12,HumanObservation,DEMO-DATASET
202,GBIF-DEMO-000202,17,Macaca radiata,Macaca radiata,Animalia,Chordata,Mammalia,Primates,Cercopithecidae,Macaca,14.8264977,74.135969,2025-12-08,2025,12,HumanObservation,DEMO-DATASET
203,GBIF-DEMO-000203,17,Prionailurus bengalensis,Prionailurus bengalensis,Animalia,Chordata,Mammalia,Carnivora,Felidae,Prionailurus,14.8171336,74.1309457,2023-07-05,2023,7,HumanObservation,DEMO-DATASET
204,GBIF-DEMO-000204,17,Garcinia indica,Garcinia indica,Plantae,Tracheophyta,Magnoliopsida,Malpighiales,Clusiaceae,Garcinia,14.8221867,74.1281665,2024-09-21,2024,9,HumanObservation,DEMO-DATASET
205,GBIF-DEMO-000205,18,Macaca radiata,Macaca radiata,Animalia,Chordata,Mammalia,Primates,Cercopithecidae,Macaca,13.5073368,75.0866135,2024-02-12,2024,2,HumanObservation,DEMO-DATASET
206,GBIF-DEMO-000206,18,Prionailurus bengalensis,Prionailurus bengalensis,Animalia,Chordata,Mammalia,Carnivora,Felidae,Prionailurus,13.5156083,75.0889256,2023-01-07,2023,1,HumanObservation,DEMO-DATASET
207,GBIF-DEMO-000207,18,Garcinia indica,Garcinia indica,Plantae,Tracheophyta,Magnoliopsida,Malpighiales,Clusiaceae,Garcinia,13.5141495,75.0910796,2023-01-27,2023,1,HumanObservation,DEMO-DATASET
208,GBIF-DEMO-000208,18,Dalbergia latifolia,Dalbergia latifolia,Plantae,Tracheophyta,Magnoliopsida,Fabales,Fabaceae,Dalbergia,13.504832,75.0931175,2023-11-08,2023,11,HumanObservation,DEMO-DATASET
209,GBIF-DEMO-000209,18,Hylarana temporalis,Hylarana temporalis,Animalia,Chordata,Amphibia,Anura,Ranidae,Hylarana,13.5030391,75.0810987,2025-07-22,2025,7,HumanObservation,DEMO-DATASET
210,GBIF-DEMO-000210,18,Ahaetulla nasuta,Ahaetulla nasuta,Animalia,Chordata,Reptilia,Squamata,Colubridae,Ahaetulla,13.5155807,75.0831079,2023-07-17,2023,7,HumanObservation,DEMO-DATASET
211,GBIF-DEMO-000211,18,Ficedula parva,Ficedula parva,Animalia,Chordata,Aves,Passeriformes,Muscicapidae,Ficedula,13.509115,75.088857,2024-01-13,2024,1,HumanObservation,DEMO-DATASET
212,GBIF-DEMO-000212,18,Spilornis cheela,Spilornis cheela,Animalia,Chordata,Aves,Accipitriformes,Accipitridae,Spilornis,13.5162888,75.0802203,2025-07-05,2025,7,HumanObservation,DEMO-DATASET
213,GBIF-DEMO-000213,18,Macaca radiata,Macaca radiata,Animalia,Chordata,Mammalia,Primates,Cercopithecidae,Macaca,13.5164625,75.0909899,2025-02-25,2025,2,HumanObservation,DEMO-DATASET
214,GBIF-DEMO-000214,18,Prionailurus bengalensis,Prionailurus bengalensis,Animalia,Chordata,Mammalia,Carnivora,Felidae,Prionailurus,13.5125598,75.0944963,2023-03-17,2023,3,HumanObservation,DEMO-DATASET
215,GBIF-DEMO-000215,18,Garcinia indica,Garcinia indica,Plantae,Tracheophyta,Magnoliopsida,Malpighiales,Clusiaceae,Garcinia,13.5172504,75.0898813,2024-04-25,2024,4,HumanObservation,DEMO-DATASET
216,GBIF-DEMO-000216,18,Dalbergia latifolia,Dalbergia latifolia,Plantae,Tracheophyta,Magnoliopsida,Fabales,Fabaceae,Dalbergia,13.5077547,75.0844883,2024-09-02,2024,9,HumanObservation,DEMO-DATASET
217,GBIF-DEMO-000217,19,Prionailurus bengalensis,Prionailurus bengalensis,Animalia,Chordata,Mammalia,Carnivora,Felidae,Prionailurus,11.4076354,76.7042282,2024-01-09,2024,1,HumanObservation,DEMO-DATASET
218,GBIF-DEMO-000218,19,Garcinia indica,Garcinia indica,Plantae,Tracheophyta,Magnoliopsida,Malpighiales,Clusiaceae,Garcinia,11.4123042,76.7022081,2024-08-21,2024,8,HumanObservation,DEMO-DATASET
219,GBIF-DEMO-000219,19,Dalbergia latifolia,Dalbergia latifolia,Plantae,Tracheophyta,Magnoliopsida,Fabales,Fabaceae,Dalbergia,11.4149683,76.7042341,2023-02-24,2023,2,HumanObservation,DEMO-DATASET
220,GBIF-DEMO-000220,19,Hylarana temporalis,Hylarana temporalis,Animalia,Chordata,Amphibia,Anura,Ranidae,Hylarana,11.4116545,76.6949113,2024-03-02,2024,3,HumanObservation,DEMO-DATASET
221,GBIF-DEMO-000221,19,Ahaetulla nasuta,Ahaetulla nasuta,Animalia,Chordata,Reptilia,Squamata,Colubridae,Ahaetulla,11.4055774,76.6990979,2023-05-03,2023,5,HumanObservation,DEMO-DATASET
222,GBIF-DEMO-000222,19,Ficedula parva,Ficedula parva,Animalia,Chordata,Aves,Passeriformes,Muscicapidae,Ficedula,11.4151906,76.7085137,2023-06-06,2023,6,HumanObservation,DEMO-DATASET
223,GBIF-DEMO-000223,19,Spilornis cheela,Spilornis cheela,Animalia,Chordata,Aves,Accipitriformes,Accipitridae,Spilornis,11.4168732,76.6903572,2023-12-14,2023,12,HumanObservation,DEMO-DATASET
224,GBIF-DEMO-000224,19,Macaca radiata,Macaca radiata,Animalia,Chordata,Mammalia,Primates,Cercopithecidae,Macaca,11.4021928,76.7052604,2025-09-27,2025,9,HumanObservation,DEMO-DATASET
225,GBIF-DEMO-000225,19,Prionailurus bengalensis,Prionailurus bengalensis,Animalia,Chordata,Mammalia,Carnivora,Felidae,Prionailurus,11.4164944,76.7094142,2023-07-22,2023,7,HumanObservation,DEMO-DATASET
226,GBIF-DEMO-000226,19,Garcinia indica,Garcinia indica,Plantae,Tracheophyta,Magnoliopsida,Malpighiales,Clusiaceae,Garcinia,11.4155966,76.7022766,2023-12-17,2023,12,HumanObservation,DEMO-DATASET
227,GBIF-DEMO-000227,19,Dalbergia latifolia,Dalbergia latifolia,Plantae,Tracheophyta,Magnoliopsida,Fabales,Fabaceae,Dalbergia,11.4086761,76.7014368,2024-02-18,2024,2,HumanObservation,DEMO-DATASET
228,GBIF-DEMO-000228,19,Hylarana temporalis,Hylarana temporalis,Animalia,Chordata,Amphibia,Anura,Ranidae,Hylarana,11.4032003,76.7045956,2025-03-23,2025,3,HumanObservation,DEMO-DATASET
229,GBIF-DEMO-000229,20,Garcinia indica,Garcinia indica,Plantae,Tracheophyta,Magnoliopsida,Malpighiales,Clusiaceae,Garcinia,12.4195595,75.7401966,2024-04-26,2024,4,HumanObservation,DEMO-DATASET
230,GBIF-DEMO-000230,20,Dalbergia latifolia,Dalbergia latifolia,Plantae,Tracheophyta,Magnoliopsida,Fabales,Fabaceae,Dalbergia,12.42373,75.7373798,2025-12-05,2025,12,HumanObservation,DEMO-DATASET
231,GBIF-DEMO-000231,20,Hylarana temporalis,Hylarana temporalis,Animalia,Chordata,Amphibia,Anura,Ranidae,Hylarana,12.4155133,75.7392784,2024-12-15,2024,12,HumanObservation,DEMO-DATASET
232,GBIF-DEMO-000232,20,Ahaetulla nasuta,Ahaetulla nasuta,Animalia,Chordata,Reptilia,Squamata,Colubridae,Ahaetulla,12.4154439,75.7471912,2025-08-11,2025,8,HumanObservation,DEMO-DATASET
233,GBIF-DEMO-000233,20,Ficedula parva,Ficedula parva,Animalia,Chordata,Aves,Passeriformes,Muscicapidae,Ficedula,12.4256276,75.734834,2024-08-13,2024,8,HumanObservation,DEMO-DATASET
234,GBIF-DEMO-000234,20,Spilornis cheela,Spilornis cheela,Animalia,Chordata,Aves,Accipitriformes,Accipitridae,Spilornis,12.4161263,75.7438585,2025-08-27,2025,8,HumanObservation,DEMO-DATASET
235,GBIF-DEMO-000235,20,Macaca radiata,Macaca radiata,Animalia,Chordata,Mammalia,Primates,Cercopithecidae,Macaca,12.4144096,75.731768,2025-09-24,2025,9,HumanObservation,DEMO-DATASET
236,GBIF-DEMO-000236,20,Prionailurus bengalensis,Prionailurus bengalensis,Animalia,Chordata,Mammalia,Carnivora,Felidae,Prionailurus,12.4131399,75.7395061,2024-10-21,2024,10,HumanObservation,DEMO-DATASET
237,GBIF-DEMO-000237,20,Garcinia indica,Garcinia indica,Plantae,Tracheophyta,Magnoliopsida,Malpighiales,Clusiaceae,Garcinia,12.416562,75.7367009,2023-11-20,2023,11,HumanObservation,DEMO-DATASET
238,GBIF-DEMO-000238,20,Dalbergia latifolia,Dalbergia latifolia,Plantae,Tracheophyta,Magnoliopsida,Fabales,Fabaceae,Dalbergia,12.4254837,75.7389278,2024-10-26,2024,10,HumanObservation,DEMO-DATASET
239,GBIF-DEMO-000239,20,Hylarana temporalis,Hylarana temporalis,Animalia,Chordata,Amphibia,Anura,Ranidae,Hylarana,12.4224127,75.732318,2024-11-19,2024,11,HumanObservation,DEMO-DATASET
240,GBIF-DEMO-000240,20,Ahaetulla nasuta,Ahaetulla nasuta,Animalia,Chordata,Reptilia,Squamata,Colubridae,Ahaetulla,12.4142662,75.7330538,2024-03-19,2024,3,HumanObservation,DEMO-DATASET
